{"file_hashes":[{"block_hashes":["LPCyp8T6WxLWncpf/ndSw7UNm5//loXQSAwxfOHgt1s=","DNOPCYNxlQcVyIQxfvrv3YpOtNr4ZsmQavMXQzVw59g="],"block_size":4096,"path":"_locales/be/messages.json"},{"block_hashes":["wFlO6J+r29yif643cfKQsAqUe2VS6zDR2OutHQzGEzA=","ic5Dm5XatBx89Aevx6YDEyMQSVVhAHeox7LzowrOM2I="],"block_size":4096,"path":"_locales/no/messages.json"},{"block_hashes":["stIdlDMh2td0Qw709/y8a+igKzXMyOW0TkSC/2KPhJc=","6uNm1GCwnKSo1nMa/CTcslAEHztlykcuIMvtgRviFYo="],"block_size":4096,"path":"_locales/si/messages.json"},{"block_hashes":["aVPtqiKFbC+qzTasIVwMbokCYqVolZEV5AA5cVZOQeY="],"block_size":4096,"path":"background/index.html"},{"block_hashes":["1Yp78Pt0zxtvJpCzIevX3b3AwzPJEhj9PTcCR8sDk5c=","6Yz9HPfz+EAAu/zFa1xj0+jEezWGFoxxJ7Nbv4jwwOU=","T1/JGwQKj89A405OCkeQc0TgijisbiPfzQDcLSWusos=","v7fvJZbt4UnD/LHRXb/xsAgEDAQArfBn0oZvKAMQsvY=","cFJJxX+BVPVVSYXDWUXI3fw+3RueRS6R3rIe53HSr2o=","qb63+quu2wW6oADzqtOBK6PKUjwM2T+/LMisAOqporM=","azJ7LIWUs1veOP+4TK2MKRTuTpn8KpIs+/t/KcqPx+g=","6F0ys3AauW0/gTkMV+hlnCs4LRPRHQWRKgR9nXgOJ+U=","4pVKeIm4iVReVMF4ipv01pIyFy9R9LJyBgeEzA3CDHc=","BitFP1d8FuNYyNlMKsY3k/hw5YpYn12pKsE7ePufpks=","W1pUUteMvA9RW6HWkuguukgD3kq6Bcs7tCOUZfYTQXg=","TejZCjrKLE4/h7V09zx7hOkuY70z7sPBWQl0c6pG2L8=","WQGpCJKYmjdyrz6GcfD9jW2Di637T77mn1IVw1CL8pQ=","RYTnJvln4ZwEGHD46Y8tfSnE4wR8CVb6FQ+RmR580/g=","Ga4kw1qhbG56vRUrPSVxRTYIuXeRYcJrfWdiy0D/ISc=","2kH5f4Shw0QBwMXr9q5oDUu7yHm3oindV/gpH5kVLjQ=","7CEH/lYEf11znSel2M+PuWBXyvqE2G7jGYSRRyc3Ov0=","UTxsoY/0Yut9ffCH/+NRzsQF93FbTxzE/4j+WDnqvNo=","rtl9dwHbiIeuCTyO9ydETUrQQJNxnuJKv7kcVQwvzNk=","pSxIUAP6m4XRGDfNDtw5sBXOt8ujh4sTxs32Md1vOjQ=","8BiZKDdbq5RjZYz1UlGhxT8wN3Z71WN8r+ekWUa4V54=","Wwdi/ny5da6UHsM7ytYAtS0kW6kcv2YXZq2261znICA=","w7XoSWjksrYieiMp2dkA/sy4R2HCrMIoqH875HdkCCg=","UEfNY/f508tm8lQXDzvHHwjwacz/hLVmAjPBEkmVGak=","+kaRYzkoUbFPChlK0HddmPIHe06iQyuIVPWMMOOoUts=","nnXK2EFlBuIz5lMWsxjCuNrIQsuGsgPSITi882cnuHU=","FB+GHFsG8EpnJRrmPsauAHNMrd7k9Jjpe/SAaGfgYL8=","ojnn6cQxviGUdIOWWDYcoFsrVLU3OgK6uNFj28ZlKlQ=","pphEYagr3fptXXXEI/R/dEW8xSVj5oVJdBc5K2g+cnU=","bOYA0itfaHmA++FCLxF56Bde3QcrN4IiFP/MSbyqrDU=","xMVwcE2hIEM76hRuknMegUiR1cwHCwbUvxCCB2dTor8=","uJ16d4szLciBolWVt4mEAnvN/VljWmrguugamKev8EU=","XxP2LPSy3Y2QiAR5VvWLdVraN8W7EUZ/+SgZga0TLA8="],"block_size":4096,"path":"background/index.js"},{"block_hashes":["Y7IDT9LLWTwuAHhbqAG/D52M4+Id7CpIMcykzVG6BnA=","zL3GrtSbHiOWeaEDOZS71ezyDtyrJAiXHYCFyChjt40=","oiu8SWySxP4yTNm4Z2uUCJ7pe65nmZFPvbzUwUBhqrU="],"block_size":4096,"path":"config/dark-sites.config"},{"block_hashes":["IAUXjybwB52fdZ2aMZT/HKtWAltpI0LXu+qM1U3+bGM=","g+VPj0CBDyjRfca60kaZDfRUAp3APU5HqUv1o5E2mfk=","G7P/ePEY7n3VSWBDg1N8wvgLbexRJgHQadD5Fg0gf4I=","QWVCKGKO93cWykqKD6L8p/0LOUTVjI7qalpaYgncd1w=","EtORD5DAw8Z1Eh9s6tjrKmJkhWizoAXrT3ZQu3aXBjA=","ssi474TwXpb0PORCZ41dqnSt5Iv6+Ps8CkZgV2M7U4k=","GSxj6Ejv6fzXuQLkSzsjhzDa+suP+WFVVxpD52E1LsI=","Dpk67VyomK6wgOiueof/I+a8u+Ldq+vTrJ4+GmUGMiI=","EuhxUi1lo15/+oxv6t2GdARiDhbtXwgW3M9pmgTTqZs=","JpGX7jqxBeWg3VyqJM/JADMBw8xbOik3keSeqtUH/cU=","J6p9pI3R2Jfr/ZNzXJeiCRq0UI3ABpGZaflYIQ612Lw=","/eygjo/zuoRs0qx5tgWFh7OEn/VGAAfAtDRkt5tgaWk=","Q+TcBfFtItEkKTYIUdIs7A04uWkdYzFVQA5XVIzIs3M=","Quc6NXD1ZgSmHXJJOa3DsPu6U3K4oHZN5G+QcHC5SU8=","yEc+ZGuUM0N3vZLRf2+HRMauFQrIL2a2RUf1RvWv3ls=","3O7HoT6urjwfn07Nz9D9dZFqWjqDZWDwuxK4yF6L3CQ=","LkYK7bu6hOI310ihL1MwFGVqUSx1CSNmy8bTsRjDd7c=","gTKDjef+GVv4HkRX8pscE6zxszYKyHqzoOCrtVZkNZI=","VGAHHOrXR50rVMMPQNh8l4jkCeAtxTOsxB+0NK0wlLk=","zbgiLwQhj4HE2HVUYnD1/Yx9xWcALxxsUuuxWg9mg4I=","yamNg9qARD5XHGuTw9PBh6/eLG7SZ5s9yFNGbLDJ0gM=","RGm8ydkcLEpLpgpU96EsaUXXOnCXym8AGXrLob3QpTY=","DXMinRJjVLwRybBn8Vs8PKsuJ0/tRQMFxb+5/Asw5oA=","scMUxbksQadtSxHnqbCXluKVX13aXA4rPyNU6seZl8A=","Ud6N6Lqw6Aj9F2zdWmpNoEkHn9Fkfn5PjleG8lOaz2U=","XqweJ94TE+G7qYW2xdyQV6Xf10x8RUnYgxKlHIRAWxw=","W2rHajWXE9cIskSU9CjUmr1NeUBrlcyzsMyNCgvI/j8=","uPEseYNxfraJG4X8ERW1BVVECiPEItJCE7fhi3NarcU=","bDghipApFbMcJ2FMYdJ7kxh4gouwjrsGXxpeE+S1WUg=","r5GbdPmKew/stmNziKcemJt6xRiy313j2707dc/0TRY=","QM9ORLySQpYtTINgFzwPi3SPo9nOIrKR0y7aCyCxQuA=","n9f40wTwGaIiFYC3lwDAghnG6Bhm2g5+YzTXvF2velM=","JDYtqogEssagSoFcjkx18z+pAknTn4HrMtqEOLzxHGc=","e+5fEFj/1IMLjEQelMdqGI3RG/0sp5VAgQWQgKO/h2A=","AUW+aXPIkb86Ybp7fkfTxLUdmcZnM0ZLK8g0w6w5EWM=","QL35+sAacOM4fca0sss/nsMQN7TDDsWkP0Ll22saqT4=","iLXaNZzE4FPrBihEnOay+W8xMcr7mQ3nQ3VUWNOhbEY=","WsYbDzaq5GRnh/02x+CEPsinvdBmRrewKasBsJ/X2oE=","ZLj3BUFCCslpDgvbmvdL9JdDY4KZBw0d4OAiWlt4kGg=","ujDfJ5DWu/I+8bf5cyYyFI0pteWLbgzI2m5inFw2NeE=","oOMGE88JK3TtF6DctAMC20kKvEmu7jPyFZ/1BFjvEv4="],"block_size":4096,"path":"config/dynamic-theme-fixes.config"},{"block_hashes":["D9jbnp5EOFyYcaG7feZyy9YruGZZR0XwMIxIeKRdkOs=","Ddi8WwcSE5M0SeM3D1B85+oH7+j6o3q94PUb5dksOxE=","qD6utBpYbUzSTb8g5rTMjQmHojIkqPukOLZgr4HbuCE=","W8lcMBDpGK/gi1J6T2xCdyoOrIzY5EN1T0zgEtpBzjw=","zWHuEss/6CkZ3rfeFYBGS4JDdL/CUEnNqT45c832ZCc=","QKnwIkZoxUMxT8hbhMFN8Sv4PQdvIC5ICmmwvMiFIJY=","1HgePH8LT0VWzaV2mcS8EJE6pNozfPTZPDv1JJdFzc8=","HNNpgAGu/wzuabPbpXGMNObvDkGYFbWk+VA71qNoHX0=","9AOxFxq9S9lftokePqwZ8TFRMog2bBjQLFB263Z1gE0="],"block_size":4096,"path":"config/inversion-fixes.config"},{"block_hashes":["BWs8ZqCqQekNLlv81rybvKtq6zjh3FRDsTJdh/cmxwc="],"block_size":4096,"path":"config/static-themes.config"},{"block_hashes":["2iQH5mRlOUoXN2Y96Qpk3cdSUfTrYy1DqI0S2l4CiE8="],"block_size":4096,"path":"icons/dr_inactive_19.png"},{"block_hashes":["I7q01MtiI2hz9cDp5cZV5xH9WqOCw/X7nM8W+J8EWBA="],"block_size":4096,"path":"icons/dr_inactive_38.png"},{"block_hashes":["IF6FoqM09i9MSbMs4S/4iimI2eQb9GDXJkICw/xZShY="],"block_size":4096,"path":"inject/fallback.js"},{"block_hashes":["5rwojg6i3GchK3C1J6pG6qL631g++i74N7qioV3+/kY=","gjEw/UrA71W/CDIpSTOl0OMmTSj9P7FVZs6q8hGBQV8=","bJkvP2WDa8AJsrO7XyKTY9hoIJod5jzMW2ZwOEx5NCs=","zZlcM1orNgHi3mCEYDbOpns3nqRCv+nEgF6I0nzPyN8=","e+P2UPu4ZDzTfodzqOE/1krNBI3julAaPPpm/1Ci39k=","wmMAMlv+0By3G3qmROlZP8FjrDgQ4+t4J4jMyLeWZaA=","ODVYZql7LyLqBwoTZg+v8ItFc/5FC+OodibLX1+GqiU=","bEJvY/vjsS9ZvYj9Ygmi2XIlmSiFA9G78gJYPPvxCKE=","Bq8rA9boFPqVfTK7+xoX03hJ0j/uZCgZ5JyW7BLOed8=","k6cTdom5ocppxJ/D36r3Ywtr51iIDUZ5tzvRzgbrbxQ=","xP1pLLpv9rqa9p3w/I/EotlRB9n3kX+NkL/CSgYTWHQ=","k6dcbfehQ5RqpaCRd7Pb41TB/Jb8e8RM9quyI7LIbpI=","EVZBu6ZaW6BKus0VbhlUFDn7LlZYFwQs9Rik5+JCPZ4=","R6YOY4Ifod7h8NqiVQvPxP0i07umofYRz3Y/OkFPqzo=","rmzK32r1qD2aE7YD4b7mAzdFcY6daGoz5tGTY+4iM3E=","y2DaOy4WQbIMyiSM1BPkIE73vWpdBvMwspHUGICC8rQ=","NCg6CfjqcnvM7rDTfkHgZiC1XM9nFAL90bWWm0oPv/M=","2zR+zyx3OFN87PgzvQAlUrfycgnAm3HhsCS5uXOgvGY=","XkIIIKEVqT3vZIq+800YU8pSufgLRO/LRVb2v0mZPro=","j4AGhIwreLZ/KBpmr6OR1BzGiAjIT05fupK+X5+yG4c=","onDx94eDk+qcx9kR0Yy9dkR5GjetWniluZv2QjwnvHA=","ABLnnsopflnT1BzCgFFTGY7ewRtVChBeNq1HrkhD+6o=","TwX58F+T7mVB1DNp0pq6glIIZK+yHuDWvZfzN+sgIhQ=","sB+8SR2wNBA8d4aC27pirPBUOA1q7jZ1+oktygQZ+bk=","zygB1990nMChShp1r6yJdzXUwFMSCeps+y7gb4eg3VA=","EuFMTee8vEfI7ucmmBy/rkDhiOOxSouco1ijn1DtRgM=","RYnVTFy0vbf90Vhv4LASTG3wYLJRYHzwRfSgYQINSx8=","kuxps4BpbUvW95tCcbjAKekER1HwAA4lkInEKgKUzpk=","5L8B8WCHdlfbzik8zRtvzeo/I+CrGs7oMtjdFErUBwU=","kfpRq+TVNH0qJKHMCRGr6lOaFAZvp2LP31cQMXh8ZkI=","SV6mf7sdYkoijIT5yYOx+YUv3y7ORZs4c5eLCo+GFcg=","jORXufqjsyKtQQuZaOAoXu2hPb0M4BNoQpTjO9pIfXw=","OGwoIXXcm9HDHbzmehmfdRbLFwyxk/QlPGFqERRhlMc=","026NOgS4OADdhsRMfjRCl7JDkUpnhFWyOuISdv49Rm8=","NJI+LmOE44DcVae2d5FLXmj7RWZDbNepFbkXwDesxSc=","Tnz+SBaq7Lgj2qApKVzWcS+zecXbX3XnbIOXtG08iD0=","iE+HLRgzxAxe0N4vLj84WohGnkZTEQ2nsmPBl7g9Rgs=","mgmVaZgbok5XH839vla7RICZz/S6hQMeEzTXVj6+a4g=","jiKwHWq7Io1hMLVoT8oCD6w53LmnrsXIwAzAtLyuyWM=","w5qQJG/tsUYWHbzRwZCbbkxR/9ZTqGOPmtltJWKwxjQ=","vVopU5YnEr/0kxE7T3wtrodZ/5KT+FbHguqDhHB2RJc=","F/GfJB640cRZfh+bam6aKroMA7A8prf3T0K9nY+rr1w="],"block_size":4096,"path":"inject/index.js"},{"block_hashes":["09QgTFlF/3rHhBGLqxkpipahkzk7XLRRlYCjR7/jSsg=","1cjIoiHVzwYYF3OIvvxAx5ncn2b77OSOY2ODsnmct3E=","CitBieJaaI8PF9vb0BmeAfewv1Dzsi26+dfusBR9pF4="],"block_size":4096,"path":"ui/assets/fonts/LICENSE.txt"},{"block_hashes":["rLErG054gzc3v23USU8SsKe95evBe0Nhq1ZTanLpv6Q=","gvHNDQ2UkdOkxTaOSfQYdgvRQbbxk4Gw/L65Pq6IO+U=","EvO2nI/tknQ3y+lFZsmCo8Eg1GvVByJLS1f9m0e93aM=","3DMnfNtfuyR5I26Gh0Tt8+jbD2uGdU6pfSCsg1M8Yek=","FE82xouEIizyUEuU5s7Pe0CAdTmlgufm5OAQBq2Cn2k=","Bh/v2JzdEFqKT0N6LxeAjkIyQk0jQhTiVqHomS157fw=","hx5IkrR88quYynJet40tUD3XMAbFM7fM43VNpMAsMyQ=","gShs9soni+PxCu+ekybJbPsbqvLvm47aHMWjbJ8I7q4=","idvTayehYw4CMqCp5iUKByWrsdnt64nEhccscfOydtQ=","GFmF8VCEQ88P1ITQ8I2CCr8lSFzcbLkfngsnp4eewGY=","ILodUxKEo5n2HCkvhrNtDdHnyAbqgCybD+9QvvPXQUg=","Uv8FKDL1VMQEhMxS1Ms9YOxBJ3bfO8fJJpNFbW9jLvc=","OJdslyv/mtcvqKGMt6AXnzI0IKGqqc2PDFvKOKF0qg8=","KBQXCbezrgIUBIvgaBnuGNBt9qpaIO9UqjC/wN2PNZ4=","O9R0JCnj2nc3VYRtnTjcxeM7WAM0N4rNpf1lenbzs1o=","D+bM5evZQeTSEhgtbw5TVf6zr3UyvCXZjh8xuisaovM=","nZIu3TP5YkAldpmmsPqPIBVEybPP0zOCPb62Q2n5aC8=","F2iUrXBclvlmzhzltE/7irpsJCXsJomav851tzdknb8=","JNx/3yn02kLxDVtIF/0CRq0Uwv1tzk16tppsJE4VfU0=","5iXufYUW2mefsHlreFyvvX/Id3xpa/7pTfFiWfEtSSY=","Y9Solry5kiBrthcuNUhSJB5nhGsqYPjDdmj2WBWOef0=","BNC3Rr2GlGC65oDcxa/qjxjimXPdropydyLDstz/SAg=","NrZvgalj8Nt4TQG37TFSgMUeqMzLUTC0Arg3MPtBlx8=","XmCPVJlUCpC3c0BKGtWXq0NU1QbqxvaEgnX4hxSsJKE=","a+rzp8Ksa/aWQt69/DxxWYixGjuHbDaT3Nn6nvdiGuA="],"block_size":4096,"path":"ui/assets/fonts/OpenSans-Light.ttf"},{"block_hashes":["IH7vA4VdbNUeGNu3ey8PyQgZGAh9VSlLyRS+EV0n8tA=","BKIMD1PMK8bY0kNWPUPEn2BgMIwpcxW3EVaFzAA5hC4=","mCE6i6u7MtNmoz0UyJf7BEF63/tVAgcObkgYn5wzpCA=","SLQ+e8kwLmXHTcaMfdRxXsc2dXEatlNM8noP2QnCIH8=","f1/eMW2LVwSK3qxlduiyV6MZtg4Vuw64MxKBwJxRWqM=","q3JRD7gXM+++gPF7DCEa0iZLljNHGe2ssnpMQGMw5VI=","qw3tKCADbbc54VFihKA0bddyOQ84Yq0FfUMFaT3fXSk=","bFQCMLxuWcSTDyL6vJcysc66l1X7HcJMvnq9JNDj63Y=","r8VZPz6nJCyY/vlBGgedCdBR1As+f5oJpIv3wtzVy4M=","jIxBHRskCO5/5u2+11CCXA24B4jtYKw1yOWTJgKLu7k=","z6EEijVwvgnsDx2X48Dzm3NpRTvhA7+wID+eqaEVMqI=","ZznoDNKPdD2HqiaZqFCFOWffIhLsjBMki23ReSl0Nas=","OvW1qTrZvKLWbsK1IJpG3k7hjbqF84Gti5wB14ETDBc=","UPRLf8/JEdaYnq/h6SZAtbMX9UK6wQAO4ImkGS75Yvo=","7FUfqZKbpIsjC26y81ET6rMtpGiPu3MHa3YIhsNb9mo=","791mtRSXBFwvKwCII0az95HK/Iuqy5I2O29IfnYfguU=","v70voW+Oxr1hVXmM83bp+8QVNT6aE1Pk1819bRi20nI=","vHeS4VkThm0ioZrqRF8QpJ+OnZmWzTi9RXsRba6GQNA=","suEuJ/SKsO/gUrb3qQFG1QcbxAz+869yzi/+U/6O3ig=","b/+tY2zhso6/UUCVMoWG/gIqGs6NitOGQlGYlqWApU8=","zPJql0kA4fIAjKCWuQtTYEy2QucHCep5Grd43SzVH/o=","2oEUrSyDTAWTR9k4rs+pO/fklu3JHCrZztppbp5F7+4=","gbI9IoTcadnebNsloTXVDYgH+dMVa8gcxf9+KBzAJXc=","tVffCj21cnD9grCGGAKNapmdzGNnlX9Sq5iJ6yv4Wos="],"block_size":4096,"path":"ui/assets/fonts/OpenSans-Regular.ttf"},{"block_hashes":["bi/fgJiO5ZOxG6qIkUyGYv3h845ye9Ipg2nxurDeIIE=","t7IOLDas5KI91W0ezdtnuU3gwnUrdc0miOAojNigE4A=","K4yjV4uTk11WHT8if1ibx2pD7X7TouXH4Izyhk7tljI=","GOk26zYQOOq0/CaW46kTBDV+KdC7iMRYgJMvtY4avdg=","bdRw9l2/gcM2t0OWS6vIAFBTtQeqaE57rfAPMHYi+5A=","q1uZfhyVTJUf50WTtQ1rfvtUkci1Dc+xTTobfEEeOMU=","RU6gYVSSh52ZRh5iYOueB4BeiWoD+x+43ZH5PqKqtI8=","56I09is4RJVQhI7jVDA9QE2AFRL4agRz50Edi1nnqjY=","i2e7VIHAm+mCrVo2oW3pKbxSwIXWc7gM3paF3n65vy0=","spq4gegP1qeWgUXP1Cn6o/AWhf9F4gCQiaJFSXdiEKU=","4VD6emxBS8bvKd2FIgfBT7uNuahL1rSF+k03gzGhdgI=","7k8WnRREdPA/T8k5WcnYn4RJi6PrkD9lLHtscGtVHKo=","wf7rJuUk7sfQEA8FVuNsQC5xjQ0jnjxJsFFTBgrPpLY=","e1txXI4LJFHRhjuU+5yqdw2nAoFXAvChBKvzUtg59GQ=","Ktc8+8ApNIs4kIs4NqmOfR4deDgAQfSvAcjA0RujSUo=","xpYcTQLbEkeJhpMtvpLZki8uoE6YIRIbqxe91EO36YU=","AlnhBZ+Bs4ehHe61i11kf/IJ965mx3lkU2Van4EEJlM=","NahvRVSMZhYHPj0ubstW1vdhwWqo+TPuhiylfWb8L+k=","jAgN2xOXbvcWFov3Qe32JEYsxR+v+VCxWQFyj/BkFCw=","4TrOZMNDTcutNVVbv+RcZ0tyluY8TUanR+nq6001UTI=","wrw+5UgdXOp8SYcgjq/UE4UrILIoyQ5WNV4JR9KrsIY=","c9EgBQpIW/ScwVbMayEBzBpDw1CPDnlkaAYBPO0XyNs=","a4fItlQmQwGKoka9T4gKtyx2xQGxq79V6vsHdgKZy04=","q4SNhAYYLXwz85+ZUfUy212Iiw86tP7Z+m9587TSAXo=","lEkAJBT+KArLnXQP8cLgtZoJZtHyDHmD78Y93Zxgcu8="],"block_size":4096,"path":"ui/assets/fonts/OpenSans-SemiBold.ttf"},{"block_hashes":["uqlN6v0IvhhUuWxWPTvaKpbn2SW6R4QJMR6M+9WbBeA=","2N/odnMHOodTYLPOOcB5z9I8pmWID2wkT9AjD355Dh8=","qz3+VAK6kNYp34OIQY52/xT2bxzurMjUYDkI45KtJ1U=","2RnOnjK4GXi4+yciGJ20ic9+qktct2OxAAM+j+g74FM="],"block_size":4096,"path":"ui/assets/images/darkreader-icon-256x256.png"},{"block_hashes":["CcC4KQRF3TsZy7ajCRRkld1r9m4VPfU4ivsBQBWhmD8="],"block_size":4096,"path":"ui/assets/images/darkreader-type.svg"},{"block_hashes":["2mU9tVxstZpXmBaNRAyOAPD2iJ4+uhagFgxsM6BVVYo="],"block_size":4096,"path":"ui/assets/images/ladybug-32.svg"},{"block_hashes":["UiOnBxMo45LIH2JEmmBEZquZE16baUUtla6fF5YSgnk=","kJD2Em9k0e8L0WQFaIBQBdJR1fZBnhV1KM0d9J8okKs="],"block_size":4096,"path":"ui/assets/images/mode-dark-32.svg"},{"block_hashes":["22BIZsQzkzXhM93Uj4QjDUkbphpIGSZl35h0p+YqvaU=","pSmNUoUcQ+odbLzxth88w6Z8n2NRLHUnNX/bhwBYa6c="],"block_size":4096,"path":"ui/assets/images/mode-light-32.svg"},{"block_hashes":["EY4Bx5dWk43ipGqJQtXK6sw3tA6gOXMy+N2d8wbsZgM="],"block_size":4096,"path":"ui/devtools/index.html"},{"block_hashes":["b+AdLX4SZfW2brRIZ8tJkdMNMNH0HVlCupuU5ilpT80=","lT7MmUFEB6/kgfHdbcGfRt/NXCNcoFb4gZJhkfHcDs8=","dxVd/O/S5eshVz88ot0Kl1tQZPlZSYpnE8L33JeGem4=","DacrPAXS8Rn7tBqX2jJFxIwEMDYtOjd8BcYvdoR2q8E=","kBGpFN2xi1mRizHY8jYkbrVBidFhzGx1rWFe1AKp7xE=","SPzLspH8zSMAUCxVb0Vii1csE+90PjlFj6Z8XFA6zT8=","cAmARDvrMtBdZzuYDNSlcPyR4T/4tb3R6elH/YzvwSM=","AM/fRgfquogIqTkwQ9MwjI6GfKQrrmkO9/HnnPaAI7A=","bHNJghacq6W+RrBwWlpn3d/cJ0j2tgKCtyTwUa1kVfQ=","mRdEiXSnlYivbrNyxQfIZb7Uyv8a7hWznQpCXQPQRLE=","i3/lSqopCKIh2iA3UeP/O0yoN142/2FaZSj4T1BYKdQ=","p9C/d88e5KrDzsw3J6kWaj/uF1QZxUKHZj2qvLk2e+I=","VB1Ge8wXUgekUq/NNw3zAG2MdJPQL5jk5UvLgKzqGBM=","hm1nl+Q4irj1iayS9G9Tmvhv1YPm/QBpljffMsKxcGY=","sUwfyGQMUUhyX2S/pUYX6OOfHtLKYios6QmsGBsMMUk=","fuHo9MvDYrLtrfIFNrG9pmXP3oX5Cbv2xILyjUjAQZs=","HN7t5CiNG9Q7Phmt7o6wyIveHdqPjAfwRzon7wUm8wA=","YsCsHJRxEeOJuLnZQlQP+JnIhPjl6op0ffeuwQC95Oc=","wKBuwK+s7wimZYMOiDVqBGKHGaCvbzOPa674Kqp2ht4=","Xp/VPhBomgoLopokMN3YL+Q/2VdiTjbzComBsgHw8lU=","MVI1UHKlrDvNEfAMVElHzjEhZjz/9rooZH0i+TSyi3A=","KrmZuFAHBATA2cP6enAFzVp/F9E75e5H6zlRTOY0dAo=","uVrnK8M2QWbFdEoNJ1uFg434WAXE40vROjTde+aVUpE="],"block_size":4096,"path":"ui/devtools/index.js"},{"block_hashes":["AY73a2AiSXV/KsjdZikwdb5tncRS6GGnOePBWslzmQo=","CMrebqsHPVbTd8A6Mpkp1FIiXXcBCGU9+GUExvns6GM=","Ddtbv/GnKb0bw3lr4Ud5qEss5mm+ceKSQh8WIZsEd/A=","8avx7iLFIPa23RExMrYhv4xNSIHD2Qf/0nOCy/MGTBI=","Nu9PkL57Daqr+Lsd/Ua5uJfPcFeEtUCPmrnyA4Let4c=","rJqt2HGz000Ix2tQLmn8rz6P4G9WnyYJ80h5/M8QLe0=","1HOKwTHyG0CDiqGV+7ByYwskR2eQggioRdnQSQUM8kY="],"block_size":4096,"path":"ui/devtools/style.css"},{"block_hashes":["O6kyTtvcttYVNm6XO/1Hfi+1xTJ9ASGy0Aqx4+pw940="],"block_size":4096,"path":"ui/popup/compatibility.js"},{"block_hashes":["dmP3spWfHQ5NIvbBu7EUQAHt6ir3NFvL1EXJXfKR+Co="],"block_size":4096,"path":"ui/popup/index.html"},{"block_hashes":["kUYN4gI25zaXsZDYdCSdC/PffX7uWvLJ+smLqtmZe3I=","hFqS7xEm1HAiYz8GGg/SRKfp+H5T13WS/Z6MANxjpw4=","lFYhQ+S6rQtp/kCBlbL0o3kxiXI9UFp3Nv0KRjsYlJY=","sTivBkS8n0wg+8RmV0eOAc7TT30ZjabCjH7I3fYNAis=","4zSQG1tKL+vPmqbGJ70whr1eAj4RY23oo0CdYtCzeYg=","tulqjlMu2Gbk5B2Vc0p69v3iPMcVxwAajkOG+OorhBI=","17mH/J7SWpVtk4xtzaguawG3/+5w1KXjB0NuozFdyoU=","Q73C90K0hPBoNU7DQRmKcmpoID5ZaSbCOF84DVKvFQY=","7ByFkh7FUvq5P3LRHMRnu7QirAQY1Ok3jQr7K8vWtUI=","M/oRdNmLfNhqMo/jCzNgSqeQUUZCbAx7Ybm1fjtBUAM=","K+yluADLogpmjbrDSWqI+NLdYQGE1Tr1sXNKHYsuCwU=","jR0xpQ7EheUhpVzA/HfjKsea3tz8sX8b+AJRdkZ06Jk=","7CSwGq7mu+ffmh4vDHQ6a9EbZf75IhPi12QO0NDRIoc=","YA3OOMZkJ/Mmf7gQv9aTnukq9wBs9MJlQ/pkmubUEhI=","LhgaNlaH1VhGs5go0Wt9NrlijAZaNCjsuTAWvZbBKrk=","oz+GGBNSGv7jOqK7ygedVmleFwJ4HKmtWkCORfTGpfY=","LSrhb5IGpFMOGAwTmu3vR+xmVHAjmfzdnVjBMnkTQgc=","Cc+FO8dioGF465L/Zf3jn+SE06+g5gbYwpote+PDDic=","2SGBUN2EnH5inaM0h/05qLtvTBM/hGT77fHRKAy/u8U=","jH7cMU9r9Iju57EyZdCG5cdsh8Y+s8EeSL8ckBe+i1U=","LPAtEUOPxDG1jbpbh7CyHMJf6qhGn7QfFyZtw05I/9U=","GNEAj4QSfUkYKhgB8dkY0N1PxPg0CL54s0dLm515od0=","yZ56WaLRqfBt5+yJsl5aRSAm6hoCwtYrXQ0ZVmaDuig=","qgzBn+ZAPg+hhCMOnG2Kn+SSZ10SfB2tHTRbbybuHck=","jZB8p1vTQgqifytQpXJqBnoAElmfvdNdamFlvxVdHvs=","0Urfukhotb+krVp4nfDnXWOpBD6El6cNSBpEdDsNYIo=","e3CBSWujpExt9THlVbZHyGYIOCGSL7mjep1V701OoLE=","SftFz88G2EABJgtfdJ0ev9gd6v+klUpJ8nIfSeyiBFI=","kyp9cb6+/0OY04cFrNyS3uiy3W5niMENy5Yp+xZzMK8=","2ElJxxhWRUDij9ZCRzT+ck306JhrbKbF7ED9KoXT5sY=","2MPJDdikXTwPjKIcQETFeQaQfvxYft+MheougcBzY4o=","nQcYB/V3LVnfv0zGcYWkc+9tAsFpPP7FmTbye7z6VWQ=","GfvTwMFPBfpJQcOEAIC5cJruYLbDDi9fhDPSvVxLc24=","1GDAhDgiWJ8bRo75wMQNVJNWjKWn+ewwzUqSYd3lcHk=","PRZ4RPLFqiHniVIGK2A0NWDwg42L+ACAD3hSvYOqgqk=","88QW46pJRUCJ7Y7xnb/oBbu3h+hLzcHqWEHlLJ57+9k=","OyxQz02GYFo44WUe4bdC3REWj86HztYr51rHjlowGPM=","f3rQAgX6nD61GZ4fe7PBFJVaRBJAeEBUniawITxjs8Q=","SgLWfVjIRegVcIeYnTdCWxhHiNoLx0XA38VUsrag9PE=","zODHzwhhkiJJXdAjPsN++5aSjekg7mu8vr/qVeo+vHc=","Z7m39HRmn4w4SKzun/CBTca4NsNo9RXgrp8sborrW/I=","V5wsXYbNWrqWKPPXbfmllTD9QxH8/k4vn7K8TP7W6Hs=","6iyne4HrUClYQp6dalKvQai4NI3RxNNOfqV9F5fVb7U=","pLJWlGCjUyhsrE/FdVbkLUkZkb3xpWsLrQReGYE5Ya8=","lqgtJ29HDjMzmaku5yeixSOkc2WyviyWE7iYcAhx27Y=","//jUlML0dpidrLwZm9iYNrC6KvcxQhXKMwStNpI7BOQ=","qp211/LxvIZ1LG8rTdrfwZ3MG0b7mqO4UMAXnEwRBuE=","xVOO4UNB8eG3FNnk8dtvx4rD9vhVbkKqta51JWTyAyw=","x2jX3gRae35KM7KgKJVDPr3uk7p2WkE7h7jpeA7YHRs=","l22qk+9jFMG1BEk89z/IhQXOe2S+OZPxrdp3QBOGmg0=","MxtocmaYy169UgS18AiMz/2vjeg4Sjztjr+Ptqd7eKY=","PWDtQsOxKfvjr72V4W3jL5WVLV/K/ZAni4gCpW8avuc=","eWCXLSMn/n2XTBxRyja5gApyxprrpqesNWv7i2Jm2mI=","jqjZVQk/9P0GfLiJCHxdpaqy+NouJObx0ejGpSs+IpA=","phhb/r9KfrvIn1l0vIP+FY+QuZpZ5b76B8YxAEbgwnk=","u49B7Y57Y93uidj/L1DankH/04yli/S+6EvFEbvWd7g=","NVxYHepi2q6zdMCEHjSws+FWyefYMH42lPiJSw/sR8U=","7o/abRKgT4Pv7/yYYd+SM8ViFWXIwUP7WGgEvuM5I3s=","yNhnOED+OFSOZ8heCtTcFqRXzNIOntQNSNDkpWAtRok=","mOse7YuMUWuHvJcC/ynOCOSX/mTwV8BowKn7+K2Ms7U=","nH88wS+sTf+/XG22nCx0DqeX9FyYzEGgroHDE0T3Z1Q=","MGpLTWQ32lef3J1FQilZ5Bm8Y0MinXLlhWrQoJSE0do="],"block_size":4096,"path":"ui/popup/index.js"},{"block_hashes":["AY73a2AiSXV/KsjdZikwdb5tncRS6GGnOePBWslzmQo=","CMrebqsHPVbTd8A6Mpkp1FIiXXcBCGU9+GUExvns6GM=","Ddtbv/GnKb0bw3lr4Ud5qEss5mm+ceKSQh8WIZsEd/A=","8avx7iLFIPa23RExMrYhv4xNSIHD2Qf/0nOCy/MGTBI=","Nu9PkL57Daqr+Lsd/Ua5uJfPcFeEtUCPmrnyA4Let4c=","ihowBD6zz9sUp/SJzs/P6+k2CviZO/WY/ij9LDgIsN4=","cu42Su23aiNq2TJPISqwDvsV5vpIxJBJWwrQ5B8leNg=","5y4SzkI/Za4apEXQqlZ55aVSM1CcDD10WApWBnAllMc=","0J71nZ8Os2n8jWsLYz3rLISjPQtQ/ZMH1Kpd5jql/1I=","wtuVfhbm1wBhdthJ6i+sWapY/Z+choH5N+R/M2TczOw=","hIULIcX/nS7cMxbJuCcnFfOtsRWwnISq9QEO8miq94M=","qFg5Rt91Usj7j6AZYQOmE6soJacAdt8+iE53GGM1RS0=","YdHgU+nyVWwQODChV2dGp80ME5UHqjLaK08qjyZj7/A=","uQb0wvqheQATteLlQHDWqULsXcmegfB05v/R/NYCr5o=","vDhKx259Nzyg+Qvoklb3n2/5yCTcmroCTjj4uVq1SsE=","ec1ywSGM8gpk8TNZ3Oa/P2qXLrhzLDG2E45gF+1eTZM=","PuKSq9TCIr55C6qUNcwsHN6Hx+3bNnY9djN6CPWlVEU=","ZZntZ+Pzfja4BNbyU0Cr+yLAOKQCW0mRtwxSAksSlKU="],"block_size":4096,"path":"ui/popup/style.css"},{"block_hashes":["S0v9fmxv8ey7Df8Z7Nd8PMaZNimKL80GQDyEGlgq3H4="],"block_size":4096,"path":"ui/stylesheet-editor/index.html"},{"block_hashes":["b+AdLX4SZfW2brRIZ8tJkdMNMNH0HVlCupuU5ilpT80=","lT7MmUFEB6/kgfHdbcGfRt/NXCNcoFb4gZJhkfHcDs8=","dxVd/O/S5eshVz88ot0Kl1tQZPlZSYpnE8L33JeGem4=","DacrPAXS8Rn7tBqX2jJFxIwEMDYtOjd8BcYvdoR2q8E=","kBGpFN2xi1mRizHY8jYkbrVBidFhzGx1rWFe1AKp7xE=","SPzLspH8zSMAUCxVb0Vii1csE+90PjlFj6Z8XFA6zT8=","cAmARDvrMtBdZzuYDNSlcPyR4T/4tb3R6elH/YzvwSM=","AM/fRgfquogIqTkwQ9MwjI6GfKQrrmkO9/HnnPaAI7A=","bHNJghacq6W+RrBwWlpn3d/cJ0j2tgKCtyTwUa1kVfQ=","xest2d7QbxJ4jQsK1vmDVSz6pr9P56Ege+z/KJUj4aU=","HVL7deQeUFV07q39eBDIpnVDA8WM0X8kYOEqz+knkfY=","H4N+/jRnkuIpANFjIuLIGTQaC0KYRa9T+yqahI9F5pg=","UA9jdXaXzf/kWogX3RbQ3OBGVIzYoHsXSzi3EdT0sG8=","q8rsgRcva73dKr1F7C4eN91kXpjWDY3c1EfpueozjW4=","yONh1xw/Z59CsyQ7+eV/94Ym1ccEWPPCqil+cjYkMSg=","bjnGj4ZjIR8Xu3eS5DN5oyLjSUznWSceWK9Z3/YqEos=","iAy0jSjL7uoYr3EKVjJG0p26J8OhbFmCI+GXIneZPgA=","6lSx/yvEpj/gTM4oDwvPxc+s4uQ2HLxZi0fzlYo2SCE=","D7Yq76vadEf7PcblUFHseo9QzLwFBWtTUzHKil3FWjA=","7SwtTd3/fHsDzEe55rGuouWnn1Bw5e0Tn5NUT/IjHGQ=","LrzxuHipVaBb/XgtBHVYZbi13GJkqyvMHmnRSXtrejM="],"block_size":4096,"path":"ui/stylesheet-editor/index.js"},{"block_hashes":["AY73a2AiSXV/KsjdZikwdb5tncRS6GGnOePBWslzmQo=","CMrebqsHPVbTd8A6Mpkp1FIiXXcBCGU9+GUExvns6GM=","Ddtbv/GnKb0bw3lr4Ud5qEss5mm+ceKSQh8WIZsEd/A=","8avx7iLFIPa23RExMrYhv4xNSIHD2Qf/0nOCy/MGTBI=","Nu9PkL57Daqr+Lsd/Ua5uJfPcFeEtUCPmrnyA4Let4c=","rJqt2HGz000Ix2tQLmn8rz6P4G9WnyYJ80h5/M8QLe0=","1HOKwTHyG0CDiqGV+7ByYwskR2eQggioRdnQSQUM8kY="],"block_size":4096,"path":"ui/stylesheet-editor/style.css"}],"version":2}